name	taxon	count
CP000360-_Acidobacteria	204669	451473
CP000473-_Acidobacteria	234267	838990
CP001472-_Acidobacteria	240015	314711
CP002467-_Acidobacteria	401053	401628
CP002480-_Acidobacteria	1198114	331036
CP002514-_Acidobacteria	981222	185039
CP003130-_Acidobacteria	682795	504207
CP003379-_Acidobacteria	926566	413535
AE016822-_Actinobacteria	281090	10142
AE016958-_Actinobacteria	262316	21263
ENA|AL450380|AL450380.1-_Actinobacteria	272631	13611
ENA|AL645882|AL645882.2-_Actinobacteria	1902	40068
AM408590-_Actinobacteria	410289	19032
AM711867-_Actinobacteria	443906	13756
AM849034-_Actinobacteria	31964	13564
AM942444-_Actinobacteria	504474	9206
AP006618-_Actinobacteria	247156	27101
AP008957-_Actinobacteria	234621	29527
AP009044-_Actinobacteria	340322	13827
AP009256-_Actinobacteria	367928	7835
AP010889-_Actinobacteria	391904	11459
AP010918-_Actinobacteria	561275	19018
AP010968-_Actinobacteria	452652	40635
AP011115-_Actinobacteria	632772	36373
AP011540-_Actinobacteria	680646	8694
AP012057-_Actinobacteria	1313172	21264
AP012204-_Actinobacteria	1032480	25444
AP012211-_Actinobacteria	502558	12903
AP012340-_Actinobacteria	652616	19119
BA000035-_Actinobacteria	196164	13017
ENA|CM000636|CM000636.1-_Actinobacteria	1768	26503
ENA|CM000789|CM000789.2-_Actinobacteria	1773	18849
CP000088-_Actinobacteria	269800	15444
CP000303-_Actinobacteria	326426	9468
CP000325-_Actinobacteria	362242	25192
CP000384-_Actinobacteria	164756	25553
CP000386-_Actinobacteria	266117	13403
CP000479-_Actinobacteria	243243	24426
CP000481-_Actinobacteria	351607	9570
CP000509-_Actinobacteria	196162	22027
CP000518-_Actinobacteria	189918	25709
CP000580-_Actinobacteria	164757	27234
CP000611-_Actinobacteria	419947	19255
CP000656-_Actinobacteria	350054	25133
CP000667-_Actinobacteria	369723	22995
CP000820-_Actinobacteria	298653	41609
CP001095-_Actinobacteria	391904	11477
CP001361-_Actinobacteria	484020	8493
CP001601-_Actinobacteria	548476	11268
CP001606-_Actinobacteria	555970	7092
CP001618-_Actinobacteria	471853	20476
CP001620-_Actinobacteria	645127	9586
CP001684-_Actinobacteria	471855	13106
CP001686-_Actinobacteria	478801	11244
CP001700-_Actinobacteria	479433	48889
CP001721-_Actinobacteria	521095	5162
CP001738-_Actinobacteria	471852	25228
CP001750-_Actinobacteria	401473	10514
CP001802-_Actinobacteria	526226	23119
CP001819-_Actinobacteria	446469	18439
CP001829-_Actinobacteria	681645	9005
CP001849-_Actinobacteria	553190	5523
CP001853-_Actinobacteria	552531	7113
CP001854-_Actinobacteria	469383	28758
CP001874-_Actinobacteria	469371	18128
CP001892-_Actinobacteria	573236	7123
CP001964-_Actinobacteria	446466	17800
CP001976-_Actinobacteria	478435	19153
CP001992-_Actinobacteria	548479	8114
CP002000-_Actinobacteria	749927	47757
CP002095-_Actinobacteria	717522	18912
CP002097-_Actinobacteria	765874	9053
CP002104-_Actinobacteria	525284	5767
CP002106-_Actinobacteria	633147	7651
CP002220-_Actinobacteria	883062	8312
CP002275-_Actinobacteria	1232724	24983
CP002280-_Actinobacteria	762948	9876
CP002286-_Actinobacteria	890402	8700
CP002299-_Actinobacteria	298654	40794
CP002329-_Actinobacteria	875328	20351
CP002385-_Actinobacteria	278137	24781
CP002567-_Actinobacteria	703613	7067
CP002593-_Actinobacteria	675635	32370
CP002638-_Actinobacteria	263358	30299
CP002665-_Actinobacteria	593907	14876
CP002725-_Actinobacteria	1009464	6057
CP002743-_Actinobacteria	866777	9001
CP002786-_Actinobacteria	443218	20817
CP002791-_Actinobacteria	945712	10368
CP002794-_Actinobacteria	1035817	9283
CP002907-_Actinobacteria	337191	24259
CP002917-_Actinobacteria	858619	14419
CP002992-_Actinobacteria	707235	19150
CP002993-_Actinobacteria	862751	33928
CP002994-_Actinobacteria	653045	49817
CP003039-_Actinobacteria	1075106	7122
CP003053-_Actinobacteria	710421	24957
CP003061-_Actinobacteria	935697	8967
CP003084-_Actinobacteria	1091045	9791
CP003119-_Actinobacteria	1112204	25379
CP003152-_Actinobacteria	1087452	9053
CP003169-_Actinobacteria	710685	29034
CP003195-_Actinobacteria	1114966	9794
CP003196-_Actinobacteria	1114967	9959
CP003197-_Actinobacteria	1114969	9841
CP003203-_Actinobacteria	1118963	20805
CP003211-_Actinobacteria	698965	9520
CP003213-_Actinobacteria	698968	9693
CP003214-_Actinobacteria	698969	9741
CP003215-_Actinobacteria	698970	9770
CP003219-_Actinobacteria	1003195	28383
CP003233-_Actinobacteria	1091500	19059
CP003293-_Actinobacteria	1134454	9818
CP003322-_Actinobacteria	487521	24069
CP003323-_Actinobacteria	1138382	24103
CP003324-_Actinobacteria	1138383	24552
CP003421-_Actinobacteria	1087451	8852
CP003497-_Actinobacteria	1168290	7096
CP003652-_Actinobacteria	1161911	8835
CP003697-_Actinobacteria	1121362	12962
CP003699-_Actinobacteria	1198627	22434
CP003720-_Actinobacteria	1203460	45813
CP003788-_Actinobacteria	1205910	26253
CP003877-_Actinobacteria	1234380	9940
CP003900-_Actinobacteria	1206780	19043
CP003990-_Actinobacteria	1265601	34475
CP004085-_Actinobacteria	1267754	8945
CP004346-_Actinobacteria	1254439	8826
CP004886-_Actinobacteria	1304279	19171
CP005082-_Actinobacteria	1306400	19211
CP005287-_Actinobacteria	1170318	9975
CP005386-_Actinobacteria	1310114	19122
CP005928-_Actinobacteria	1199187	21261
CP005929-_Actinobacteria	649831	42814
CT573213-_Actinobacteria	326424	34337
CU458896-_Actinobacteria	561007	22426
FM211192-_Actinobacteria	561304	13610
FN563149-_Actinobacteria	685727	22308
FN806773-_Actinobacteria	754252	10417
FO203431-_Actinobacteria	477641	24917
FO203507-_Actinobacteria	1205676	19295
FO203509-_Actinobacteria	1205674	19740
FP929034-_Actinobacteria	722911	9186
FP929047-_Actinobacteria	657308	12499
FQ311875-_Actinobacteria	861360	16507
FR878060-_Actinobacteria	572418	19105
HE572590-_Actinobacteria	1048245	19559
HE608151-_Actinobacteria	1097669	18246
HE802067-_Actinobacteria	1204414	13813
HE971709-_Actinobacteria	1214101	43973
AP006841-_Bacteroidetes	295405	36268
CP000383-_Bacteroidetes	269798	29881
CP001673-_Bacteroidetes	531844	17227
CP001681-_Bacteroidetes	485917	35460
CP001699-_Bacteroidetes	485918	65556
CP001807-_Bacteroidetes	518766	20977
CP002006-_Bacteroidetes	264731	23697
CP002122-_Bacteroidetes	553174	9842
CP002123-_Bacteroidetes	553174	6615
CP002305-_Bacteroidetes	649349	27042
CP002352-_Bacteroidetes	693979	26581
CP002453-_Bacteroidetes	688270	33340
CP002455-_Bacteroidetes	865938	13463
CP002528-_Bacteroidetes	983548	21952
CP002530-_Bacteroidetes	667015	28434
CP002534-_Bacteroidetes	867900	24810
CP002542-_Bacteroidetes	755732	31404
CP002544-_Bacteroidetes	709991	29570
CP002545-_Bacteroidetes	762903	31417
CP002589-_Bacteroidetes	767031	18514
CP002691-_Bacteroidetes	760192	59813
CP002859-_Bacteroidetes	761193	46111
CP002955-_Bacteroidetes	880070	43470
CP003280-_Bacteroidetes	746697	22946
CP003283-_Bacteroidetes	867902	14422
CP003346-_Bacteroidetes	926556	38810
CP003349-_Bacteroidetes	929556	35724
CP003388-_Bacteroidetes	693978	12635
CP003787-_Bacteroidetes	1228997	13741
CP003879-_Bacteroidetes	313595	29035
CR626927-_Bacteroidetes	272559	35748
CU207366-_Bacteroidetes	411154	25057
FP929032-_Bacteroidetes	717959	23181
FQ312004-_Bacteroidetes	862962	37025
FQ859183-_Bacteroidetes	1034807	23243
HE774682-_Bacteroidetes	1094466	18936
AE006470-_Chlorobi	194439	25650
CP000096-_Chlorobi	319225	28707
CP000108-_Chlorobi	340177	31722
CP000492-_Chlorobi	290317	39897
CP000607-_Chlorobi	290318	22916
CP001097_rep10-_Chlorobi	290315	34502
CP001097_rep11-_Chlorobi	290315	34502
CP001097_rep12-_Chlorobi	290315	34502
CP001097_rep13-_Chlorobi	290315	34502
CP001097_rep14-_Chlorobi	290315	34502
CP001097_rep15-_Chlorobi	290315	34502
CP001097_rep16-_Chlorobi	290315	34502
CP001097_rep17-_Chlorobi	290315	34502
CP001097_rep18-_Chlorobi	290315	34502
CP001097_rep19-_Chlorobi	290315	34502
CP001097_rep1-_Chlorobi	290315	34502
CP001097_rep20-_Chlorobi	290315	34502
CP001097_rep2-_Chlorobi	290315	34502
CP001097_rep3-_Chlorobi	290315	34502
CP001097_rep4-_Chlorobi	290315	34502
CP001097_rep5-_Chlorobi	290315	34502
CP001097_rep6-_Chlorobi	290315	34502
CP001097_rep7-_Chlorobi	290315	34502
CP001097_rep8-_Chlorobi	290315	34502
CP001097_rep9-_Chlorobi	290315	34502
CP001099-_Chlorobi	517417	27607
CP001100-_Chlorobi	517418	42218
CP001101-_Chlorobi	331678	34114
CP001108-_Chlorobi	290512	30862
CP001110-_Chlorobi	324925	38214
AJ965256-_Chloroflexi	255470	26750
AP012029-_Chloroflexi	926569	85944
AP012337-_Chloroflexi	926550	130610
CP000027-_Chloroflexi	243164	28810
CP000686-_Chloroflexi	357808	148801
CP000688-_Chloroflexi	216389	25267
CP000804-_Chloroflexi	383372	146632
CP000875-_Chloroflexi	316274	163897
CP000909-_Chloroflexi	324602	133759
CP001275-_Chloroflexi	309801	43582
CP001337-_Chloroflexi	326427	117871
CP001364-_Chloroflexi	480224	134048
CP001823-_Chloroflexi	479434	64025
CP001824-_Chloroflexi	479434	22799
CP001827-_Chloroflexi	311424	27250
CP001924-_Chloroflexi	633145	25774
CP002084-_Chloroflexi	552811	34815
CP004079-_Chloroflexi	1193807	27763
CP004080-_Chloroflexi	1193806	28328
AE006641-_Crenarchaeota	273057	6567
AE009441-_Crenarchaeota	178306	4681
BA000002-_Crenarchaeota	272557	3299
BA000023-_Crenarchaeota	273063	5862
CP000077-_Crenarchaeota	330779	4690
CP000493-_Crenarchaeota	415426	3293
CP000504-_Crenarchaeota	384616	3691
CP000505-_Crenarchaeota	368408	3580
CP000561-_Crenarchaeota	410359	4148
CP000575-_Crenarchaeota	399550	3051
CP000660-_Crenarchaeota	340102	4428
CP000682-_Crenarchaeota	399549	4604
CP000816-_Crenarchaeota	453591	2369
CP000852-_Crenarchaeota	397948	4319
CP001014-_Crenarchaeota	444157	3550
CP001140-_Crenarchaeota	490899	2538
CP001399-_Crenarchaeota	429572	5966
CP001400-_Crenarchaeota	427317	5647
CP001401-_Crenarchaeota	427318	5856
CP001402-_Crenarchaeota	426118	5592
CP001403-_Crenarchaeota	439386	5880
CP001404-_Crenarchaeota	419942	6155
CP001731-_Crenarchaeota	425944	5929
CP001742-_Crenarchaeota	666510	2866
CP001800-_Crenarchaeota	555311	5797
CP001939-_Crenarchaeota	633148	2416
CP002051-_Crenarchaeota	591019	3076
CP002098-_Crenarchaeota	583356	3815
CP002100-_Crenarchaeota	572478	5060
CP002363-_Crenarchaeota	765177	2412
CP002425-_Crenarchaeota	930945	5432
CP002426-_Crenarchaeota	930943	5761
CP002529-_Crenarchaeota	985053	4872
CP002535-_Crenarchaeota	933801	4469
CP002590-_Crenarchaeota	999630	3965
CP002656-_Crenarchaeota	1006006	3726
CP002817-_Crenarchaeota	1028566	4566
CP002818-_Crenarchaeota	1028567	4685
CP002838-_Crenarchaeota	694429	3733
CP003098-_Crenarchaeota	1104324	5295
CP003316-_Crenarchaeota	698757	5215
CP003321-_Crenarchaeota	768672	2585
CP003378-_Crenarchaeota	1056495	2992
CP003423-_Crenarchaeota	1163730	2423
CP003531-_Crenarchaeota	1184251	2516
CP003928-_Crenarchaeota	1241935	5288
FN869859-_Crenarchaeota	768679	3729
AE017126-_Cyanobacteria	167539	7647
AP008231-_Cyanobacteria	269084	13935
AP009552-_Cyanobacteria	449447	34702
AP011615-_Cyanobacteria	696747	40276
AP012205-_Cyanobacteria	1148	19709
AP012276-_Cyanobacteria	1080228	19702
AP012277-_Cyanobacteria	1080229	19703
AP012278-_Cyanobacteria	1080230	19703
AP012495-_Cyanobacteria	1204343	46204
BA000019-_Cyanobacteria	103690	38470
BA000022-_Cyanobacteria	1148	19724
BA000039-_Cyanobacteria	197221	13259
BA000045-_Cyanobacteria	251221	26889
ENA|BX548020|BX548020.1-_Cyanobacteria	84588	12207
BX548174-_Cyanobacteria	59919	7082
BX548175-_Cyanobacteria	74547	12049
CP000095-_Cyanobacteria	59920	8302
CP000097-_Cyanobacteria	316279	10890
CP000100-_Cyanobacteria	1140	13933
CP000110-_Cyanobacteria	110662	12710
CP000111-_Cyanobacteria	74546	7421
CP000117-_Cyanobacteria	240292	38154
CP000239-_Cyanobacteria	321327	15496
CP000240-_Cyanobacteria	321332	16248
CP000393-_Cyanobacteria	203124	47291
CP000435-_Cyanobacteria	64471	13344
CP000551-_Cyanobacteria	146891	7161
CP000552-_Cyanobacteria	167542	7387
CP000553-_Cyanobacteria	167555	8447
CP000554-_Cyanobacteria	59922	13845
CP000576-_Cyanobacteria	167546	6976
CP000806-_Cyanobacteria	43989	28706
CP000825-_Cyanobacteria	93060	7615
CP000828-_Cyanobacteria	329726	39064
CP000878-_Cyanobacteria	93059	7283
CP000951-_Cyanobacteria	32049	15993
CP001037-_Cyanobacteria	63737	50486
CP001287-_Cyanobacteria	41431	27024
CP001291-_Cyanobacteria	65393	35361
CP001344-_Cyanobacteria	395961	31612
CP001701-_Cyanobacteria	395962	26961
CP001842-_Cyanobacteria	1453429	5669
CP002059-_Cyanobacteria	551115	31481
CP002198-_Cyanobacteria	497965	36345
CP003265-_Cyanobacteria	1148	19699
CP003495-_Cyanobacteria	292564	18199
CP003548-_Cyanobacteria	317936	37917
CP003549-_Cyanobacteria	373994	53549
CP003552-_Cyanobacteria	28072	39931
CP003558-_Cyanobacteria	195253	20542
CP003590-_Cyanobacteria	118163	29053
CP003591-_Cyanobacteria	1173025	27035
CP003592-_Cyanobacteria	82654	26216
CP003594-_Cyanobacteria	1173263	19307
CP003597-_Cyanobacteria	251229	37824
CP003600-_Cyanobacteria	1173020	37614
CP003607-_Cyanobacteria	56110	46890
CP003610-_Cyanobacteria	1170562	40807
CP003614-_Cyanobacteria	179408	45501
CP003620-_Cyanobacteria	1173022	31222
CP003630-_Cyanobacteria	1173027	45445
CP003642-_Cyanobacteria	56107	42363
CP003646-_Cyanobacteria	1173026	31987
CP003653-_Cyanobacteria	111780	29412
CP003659-_Cyanobacteria	272123	38352
CP003940-_Cyanobacteria	292563	17018
CP003943-_Cyanobacteria	99598	42493
CP003944-_Cyanobacteria	13035	21095
CP003945-_Cyanobacteria	65093	23722
CP003946-_Cyanobacteria	111781	29971
CP003947-_Cyanobacteria	755178	23292
CT971583-_Cyanobacteria	32051	11762
CT978603-_Cyanobacteria	316278	10820
AP009510-_Elusimicrobia	1408204	39984
CP001055-_Elusimicrobia	445932	61210
Arabidopsis_chr4-_Eukaryotes	3702	242004
chr28-_Eukaryotes	9031	171647
Haliaeetus_leucocephalus_scaffold3-_Eukaryotes	52644	242103
chr22-_Eukaryotes	9606	242105
chr2-_Eukaryotes	28377	194345
Pan_troglo-_Eukaryotes	9598	200656
Turtle_chrM_JH584390_JH584391-_Eukaryotes	8478	692
JH584390-_Eukaryotes	8478	44297
JH584391-_Eukaryotes	8478	4766
tpg|BK006938.2|-_Eukaryotes	559292	58066
tpg|BK006948.2|-_Eukaryotes	559292	44957
AE000666-_Euryarchaeota	187420	1433
AE004437-_Euryarchaeota	64091	1718
AE009950-_Euryarchaeota	186497	1607
AE010299-_Euryarchaeota	188937	5642
AE017261-_Euryarchaeota	263820	1226
AM114193-_Euryarchaeota	351160	2942
AM180088-_Euryarchaeota	362976	2892
AP006878-_Euryarchaeota	69014	1796
AP011532-_Euryarchaeota	304371	2708
AY596297-_Euryarchaeota	272569	2891
BA000001-_Euryarchaeota	70601	1428
CP000099-_Euryarchaeota	269797	4682
CP000254-_Euryarchaeota	323259	3325
CP000559-_Euryarchaeota	410358	1498
CP000743-_Euryarchaeota	419665	1251
CP000780-_Euryarchaeota	456442	2273
CP000855-_Euryarchaeota	523850	1543
CP001365-_Euryarchaeota	416348	2475
CP001398-_Euryarchaeota	593117	1751
CP001696-_Euryarchaeota	573064	1162
CP001710-_Euryarchaeota	79929	1319
CP001860-_Euryarchaeota	543526	3686
CP001899-_Euryarchaeota	589924	1909
CP001932-_Euryarchaeota	547559	3542
CP001941-_Euryarchaeota	439481	1164
CP002101-_Euryarchaeota	679901	1848
CP002278-_Euryarchaeota	523846	908
CP002551-_Euryarchaeota	877455	2316
CP002772-_Euryarchaeota	868131	2277
CP002839-_Euryarchaeota	797210	3454
CP002913-_Euryarchaeota	1053692	1437
CP002916-_Euryarchaeota	1054217	1137
CP002920-_Euryarchaeota	1042877	1715
CP002952-_Euryarchaeota	246969	1794
CP003117-_Euryarchaeota	1110509	2290
CP003243-_Euryarchaeota	1041930	2100
CP003372-_Euryarchaeota	797303	3583
CP003377-_Euryarchaeota	797304	3581
CP003412-_Euryarchaeota	406552	3485
CP003534-_Euryarchaeota	1183377	1427
CP003685-_Euryarchaeota	1185654	1608
CP005290-_Euryarchaeota	387631	1784
CR936257-_Euryarchaeota	348780	2328
FR746099-_Euryarchaeota	768065	2908
L77117-_Euryarchaeota	243232	1351
AE004092-_Firmicutes	160490	2169
AE005176-_Firmicutes	272623	3016
AE016879-_Firmicutes	198094	7595
AE017225-_Firmicutes	260799	7597
AE017262-_Firmicutes	265669	3879
AM406671-_Firmicutes	416870	3278
AP006840-_Firmicutes	292459	4937
AP008955-_Firmicutes	358681	9305
AP008971-_Firmicutes	334413	2107
AP009333-_Firmicutes	420890	2373
AP009484-_Firmicutes	458233	2595
AP012027-_Firmicutes	650150	2092
AP012281-_Firmicutes	1046624	3105
BA000004-_Firmicutes	272558	5955
ENA|CM000748|CM000748.1-_Firmicutes	527025	9175
CP000002-_Firmicutes	279010	5987
CP000154-_Firmicutes	349520	7863
CP000422-_Firmicutes	278197	2163
CP000557-_Firmicutes	420246	4911
CP000612-_Firmicutes	349161	5004
CP000679-_Firmicutes	351627	3983
CP000721-_Firmicutes	290402	8832
CP000813-_Firmicutes	315750	5158
CP000860-_Firmicutes	477974	2990
CP000885-_Firmicutes	357809	6987
CP000922-_Firmicutes	491915	3786
CP001022-_Firmicutes	262543	4086
CP001034-_Firmicutes	457570	4296
CP001098-_Firmicutes	373903	3356
CP001107-_Firmicutes	515619	4750
CP001145-_Firmicutes	309798	1511
CP001336-_Firmicutes	272564	7678
CP001393-_Firmicutes	521460	3903
CP001638-_Firmicutes	471223	4774
CP001791-_Firmicutes	439292	4979
CP001794-_Firmicutes	544556	5027
CP001810-_Firmicutes	515622	4914
CP001834-_Firmicutes	684738	3388
CP001845-_Firmicutes	697283	2534
CP001982-_Firmicutes	592022	7387
CP002017-_Firmicutes	562970	4647
CP002028-_Firmicutes	635013	4283
CP002048-_Firmicutes	643648	3080
CP002091-_Firmicutes	768494	7581
CP002207-_Firmicutes	720555	5900
CP002210-_Firmicutes	573062	3161
CP002213-_Firmicutes	886882	8402
CP002216-_Firmicutes	632518	3117
CP002219-_Firmicutes	632292	3664
CP002293-_Firmicutes	581103	5375
CP002326-_Firmicutes	632335	3689
CP002344-_Firmicutes	644966	3782
CP002365-_Firmicutes	929102	3070
CP002400-_Firmicutes	663278	4045
CP002403-_Firmicutes	697329	5128
CP002442-_Firmicutes	550542	5037
CP002512-_Firmicutes	866775	2560
CP002547-_Firmicutes	645991	4682
CP002627-_Firmicutes	999891	5531
CP002634-_Firmicutes	1001582	5623
CP002637-_Firmicutes	546271	3340
CP002736-_Firmicutes	868595	3859
CP002739-_Firmicutes	858215	3286
CP002770-_Firmicutes	760568	4993
CP002835-_Firmicutes	634956	5460
CP002898-_Firmicutes	979982	2235
CP002987-_Firmicutes	931626	5703
CP002991-_Firmicutes	697303	3687
CP003001-_Firmicutes	632516	3511
CP003017-_Firmicutes	1006007	7203
CP003040-_Firmicutes	585394	4978
CP003056-_Firmicutes	345219	4915
CP003101-_Firmicutes	1107880	2265
CP003107-_Firmicutes	985665	8964
CP003108-_Firmicutes	768706	8612
CP003184-_Firmicutes	1094508	3593
CP003235-_Firmicutes	1116391	13213
CP003273-_Firmicutes	767817	7000
CP003329-_Firmicutes	1147161	5976
CP003422-_Firmicutes	997761	13263
CP003492-_Firmicutes	1127744	5824
CP003629-_Firmicutes	768704	7029
CP003668-_Firmicutes	1194526	3209
CP003732-_Firmicutes	1089553	3933
CP003838-_Firmicutes	1225788	5569
CP003839-_Firmicutes	1229756	2260
CP003851-_Firmicutes	1229758	1863
CP004405-_Firmicutes	1302650	5666
CP005586-_Firmicutes	666686	6936
FN597644-_Firmicutes	692420	5599
FN665652-_Firmicutes	699036	5886
FP929039-_Firmicutes	751585	3591
FP929042-_Firmicutes	657318	4380
FP929043-_Firmicutes	657317	4862
FP929050-_Firmicutes	718255	5818
FP929051-_Firmicutes	657321	2797
FP929055-_Firmicutes	657313	4374
FP929059-_Firmicutes	717961	3605
FP929060-_Firmicutes	245012	2493
FP929061-_Firmicutes	649756	4012
HE577054-_Firmicutes	1052684	8614
HE617159-_Firmicutes	1114958	5663
HE970764-_Firmicutes	1597	4152
AP009153-_Gemmatimonadetes	379066	202389
AP012342-_Nitrospira	1162668	22492
CP001147-_Nitrospira	289376	16549
CP002919-_Nitrospira	1048260	20853
FP929003-_Nitrospira	330214	41300
AE014291-_Pathogens	204722	3984
AE016795-_Pathogens	216895	6991
AE017042-_Pathogens	229193	10274
AE017197-_Pathogens	257363	1565
AE017220-_Pathogens	321314	10675
AM421808-_Pathogens	272831	4273
AP009048-_Pathogens	316407	10402
AP011533-_Pathogens	652620	1994
AP011943-_Pathogens	102608	2733
AP012306-_Pathogens	1110693	8726
AP012601-_Pathogens	1248726	2764
BK006741-_Pathogens	393011	3525
BX571966-_Pathogens	272560	6719
ENA|CM000833|CM000833.1-_Pathogens	320371	6696
ENA|CM000855|CM000855.1-_Pathogens	683083	2966
CP000010-_Pathogens	243160	7561
CP000125-_Pathogens	320372	6740
CP000308-_Pathogens	360102	10542
CP000378-_Pathogens	331271	7022
CP000379-_Pathogens	331271	5757
CP000380-_Pathogens	331271	1776
CP000409-_Pathogens	293613	1685
CP000437-_Pathogens	393011	3525
CP000458-_Pathogens	331272	7496
CP000459-_Pathogens	331272	6283
CP000526-_Pathogens	320388	7530
CP000671-_Pathogens	374930	3319
CP000672-_Pathogens	374931	3503
CP000675-_Pathogens	400673	7727
CP000803-_Pathogens	458234	3513
CP000814-_Pathogens	407148	2856
CP000857-_Pathogens	476213	10869
CP000863-_Pathogens	405416	8545
CP000873-_Pathogens	483179	1803
CP000886-_Pathogens	1016998	10933
CP000887-_Pathogens	430066	4092
CP000911-_Pathogens	470137	3595
CP000912-_Pathogens	470137	2288
CP000937-_Pathogens	484022	3900
CP000959-_Pathogens	406425	6821
CP001072-_Pathogens	512562	2807
CP001144-_Pathogens	439851	10893
CP001164-_Pathogens	444450	12716
CP001172-_Pathogens	557600	8188
CP001235-_Pathogens	345073	6346
CP001561-_Pathogens	630588	4393
CP001589-_Pathogens	637385	10353
CP001593-_Pathogens	637386	10170
CP001612-_Pathogens	347255	1981
CP001846-_Pathogens	701177	12252
CP001921-_Pathogens	696749	8638
CP002099-_Pathogens	527001	10766
CP002184-_Pathogens	869727	2660
CP002331-_Pathogens	907238	2976
CP002419-_Pathogens	935599	4248
CP002440-_Pathogens	940296	4173
CP002496-_Pathogens	941193	14605
CP002516-_Pathogens	595495	11086
CP002555-_Pathogens	935297	5765
CP002558-_Pathogens	622488	3649
CP002571-_Pathogens	985081	2657
CP002614-_Pathogens	990282	10831
CP002729-_Pathogens	696406	11752
CP002872-_Pathogens	573569	3876
CP002912-_Pathogens	1032845	1982
CP002953-_Pathogens	1055527	2947
CP002956-_Pathogens	1035377	10170
CP002970-_Pathogens	595495	11341
CP002983-_Pathogens	1055530	2805
CP003034-_Pathogens	1072459	12070
CP003048-_Pathogens	1001542	3708
CP003069-_Pathogens	914149	6364
CP003149-_Pathogens	1093787	14793
CP003176-_Pathogens	1104320	4095
CP003177-_Pathogens	1104320	1692
CP003289-_Pathogens	1133852	11969
CP003301-_Pathogens	1133853	12067
CP003304-_Pathogens	1105107	1662
CP003305-_Pathogens	1105104	1925
CP003306-_Pathogens	1105102	1961
CP003308-_Pathogens	481009	2005
CP003338-_Pathogens	1105110	2028
CP003386-_Pathogens	1008297	10977
CP003392-_Pathogens	1105095	1565
CP003393-_Pathogens	1105096	1565
CP003419-_Pathogens	1127122	2871
CP003856-_Pathogens	1100841	8676
CP003862-_Pathogens	351581	3521
CP003885-_Pathogens	1312904	7372
CP004009-_Pathogens	1274814	10782
CP004889-_Pathogens	1290428	1559
CR767821-_Pathogens	254945	2577
CR925678-_Pathogens	254945	2568
CU459141-_Pathogens	509173	8627
FM200053-_Pathogens	554290	10240
FM954972-_Pathogens	693153	7034
FM999788-_Pathogens	604162	4480
FN649414-_Pathogens	316401	11670
FQ670178-_Pathogens	866630	3751
AP012338-_Planctomycetes	1142394	128243
ENA|BX119912|BX119912.1-_Planctomycetes	243090	269624
CP001744-_Planctomycetes	521674	196762
CP001848-_Planctomycetes	530564	229464
CP002353-_Planctomycetes	575540	198873
CP002546-_Planctomycetes	756272	221448
CP003364-_Planctomycetes	886293	374701
AE003849-_Proteobacteria	160492	4988
AE004439-_Proteobacteria	272843	4195
AE005673-_Proteobacteria	190650	8154
AE007870-_Proteobacteria	176299	3786
AE008692-_Proteobacteria	264203	3743
AE009442-_Proteobacteria	183190	4786
AE014299-_Proteobacteria	211586	10298
AE017143-_Proteobacteria	233412	2939
AE017180-_Proteobacteria	243231	7698
AE017196-_Proteobacteria	163164	1968
AE017282-_Proteobacteria	243233	6551
AE017321-_Proteobacteria	292805	1546
AL591688-_Proteobacteria	266834	7338
AL954747-_Proteobacteria	228410	5443
AM180252-_Proteobacteria	363253	2396
AM743169-_Proteobacteria	522373	10031
AM902716-_Proteobacteria	94624	11014
AM942759-_Proteobacteria	529507	8259
AM999887-_Proteobacteria	570417	2450
AP006725-_Proteobacteria	484021	10925
AP008232-_Proteobacteria	343509	8501
AP008981-_Proteobacteria	334380	3636
AP009384-_Proteobacteria	438753	11198
AP010946-_Proteobacteria	137722	6566
AP011135-_Proteobacteria	634454	5655
AP011142-_Proteobacteria	634455	5657
AP011149-_Proteobacteria	634456	5657
AP011156-_Proteobacteria	634457	5651
AP011163-_Proteobacteria	634458	5450
AP012032-_Proteobacteria	932677	9366
AP012047-_Proteobacteria	944546	4193
AP012159-_Proteobacteria	634177	6174
AP012222-_Proteobacteria	627192	8564
AP012224-_Proteobacteria	748280	8865
AP012320-_Proteobacteria	983917	10463
AP012603-_Proteobacteria	1245469	17710
ENA|BX470248|BX470248.1-_Proteobacteria	520	8310
ENA|BX470250|BX470250.1-_Proteobacteria	518	11129
ENA|BX571963|BX571963.1-_Proteobacteria	258594	11399
ENA|BX842601|BX842601.2-_Proteobacteria	50701	7628
BX897699-_Proteobacteria	283166	3461
BX897700-_Proteobacteria	283165	2674
BX936398-_Proteobacteria	273123	9791
BX950851-_Proteobacteria	218491	10510
CP000009-_Proteobacteria	290633	5196
CP000030-_Proteobacteria	234826	1811
CP000031-_Proteobacteria	246200	8362
CP000034-_Proteobacteria	300267	8947
CP000083-_Proteobacteria	167879	11205
CP000084-_Proteobacteria	335992	2061
CP000086-_Proteobacteria	271848	7687
CP000103-_Proteobacteria	323848	6280
CP000115-_Proteobacteria	323098	6771
CP000127-_Proteobacteria	323261	6950
CP000142-_Proteobacteria	338963	7364
CP000143-_Proteobacteria	272943	6288
CP000148-_Proteobacteria	269799	8110
CP000153-_Proteobacteria	326298	4069
CP000155-_Proteobacteria	349521	15350
CP000158-_Proteobacteria	228405	7452
CP000235-_Proteobacteria	212042	2426
CP000245-_Proteobacteria	365046	8274
CP000250-_Proteobacteria	316058	11112
CP000266-_Proteobacteria	373384	9408
CP000267-_Proteobacteria	338969	9719
CP000269-_Proteobacteria	375286	8364
CP000282-_Proteobacteria	203122	10495
CP000283-_Proteobacteria	316057	10125
CP000316-_Proteobacteria	296591	10816
CP000323-_Proteobacteria	335284	6001
CP000362-_Proteobacteria	375451	8415
CP000377-_Proteobacteria	292414	6318
CP000388-_Proteobacteria	342610	10787
CP000390-_Proteobacteria	266779	9044
CP000394-_Proteobacteria	391165	5210
CP000450-_Proteobacteria	335283	5103
CP000471-_Proteobacteria	156889	9735
CP000478-_Proteobacteria	335543	10344
CP000482-_Proteobacteria	338966	8134
CP000487-_Proteobacteria	360106	3107
CP000490-_Proteobacteria	318586	3009
CP000510-_Proteobacteria	357804	9375
CP000512-_Proteobacteria	397945	11160
CP000513-_Proteobacteria	246195	2242
CP000514-_Proteobacteria	351348	8851
CP000524-_Proteobacteria	360095	2367
CP000529-_Proteobacteria	365044	9039
CP000539-_Proteobacteria	232721	9126
CP000542-_Proteobacteria	391735	11641
CP000544-_Proteobacteria	349124	5142
CP000555-_Proteobacteria	420662	8215
CP000578-_Proteobacteria	349101	1859
CP000613-_Proteobacteria	414684	8916
CP000629-_Proteobacteria	311403	5081
CP000633-_Proteobacteria	311402	7500
CP000644-_Proteobacteria	382245	9696
CP000653-_Proteobacteria	399742	9283
CP000655-_Proteobacteria	312153	3975
CP000698-_Proteobacteria	351605	10673
CP000699-_Proteobacteria	392499	11226
CP000749-_Proteobacteria	400668	10592
CP000758-_Proteobacteria	439375	5612
CP000759-_Proteobacteria	439375	3382
CP000774-_Proteobacteria	402881	7924
CP000776-_Proteobacteria	360107	2966
CP000783-_Proteobacteria	290339	8945
CP000792-_Proteobacteria	360104	3733
CP000826-_Proteobacteria	399741	11376
CP000859-_Proteobacteria	96561	7990
CP000890-_Proteobacteria	360115	3653
CP000932-_Proteobacteria	306263	2548
CP000934-_Proteobacteria	498211	9413
CP000941-_Proteobacteria	405440	4685
CP000943-_Proteobacteria	426117	16349
CP000946-_Proteobacteria	481805	9795
CP000950-_Proteobacteria	502800	9667
CP001001-_Proteobacteria	426355	12791
CP001010-_Proteobacteria	452638	2627
CP001013-_Proteobacteria	395495	10162
CP001016-_Proteobacteria	395963	8499
CP001025-_Proteobacteria	398577	6864
CP001029-_Proteobacteria	441620	12167
CP001048-_Proteobacteria	502801	9681
CP001079-_Proteobacteria	320483	1821
CP001087-_Proteobacteria	177437	11691
CP001096-_Proteobacteria	395960	12040
CP001132-_Proteobacteria	380394	5607
CP001135-_Proteobacteria	498217	7577
CP001150-_Proteobacteria	557760	6210
CP001151-_Proteobacteria	557760	2036
CP001154-_Proteobacteria	557598	6247
CP001189-_Proteobacteria	272568	7863
CP001220-_Proteobacteria	363952	11207
CP001279-_Proteobacteria	598659	2888
CP001298-_Proteobacteria	440085	12116
CP001321-_Proteobacteria	557723	4221
CP001322-_Proteobacteria	218208	13779
CP001340-_Proteobacteria	565050	8213
CP001359-_Proteobacteria	455488	10432
CP001383-_Proteobacteria	591020	9579
CP001511-_Proteobacteria	272630	1954
CP001560-_Proteobacteria	630626	8473
CP001600-_Proteobacteria	634503	7694
CP001607-_Proteobacteria	634176	4320
CP001629-_Proteobacteria	525897	7987
CP001635-_Proteobacteria	543728	11775
CP001636-_Proteobacteria	543728	1655
CP001654-_Proteobacteria	579405	9645
CP001657-_Proteobacteria	561230	10058
CP001672-_Proteobacteria	583345	4848
CP001674-_Proteobacteria	582744	5856
CP001677-_Proteobacteria	537021	1877
CP001715-_Proteobacteria	522306	10498
CP001751-_Proteobacteria	488538	5311
CP001796-_Proteobacteria	234831	6615
CP001804-_Proteobacteria	502025	20370
CP001830-_Proteobacteria	707241	7909
CP001836-_Proteobacteria	590409	9957
CP001875-_Proteobacteria	706191	9698
CP001896-_Proteobacteria	572477	7052
CP001905-_Proteobacteria	396595	5292
CP001965-_Proteobacteria	580332	5874
CP001999-_Proteobacteria	572480	6298
CP002008-_Proteobacteria	509190	9591
CP002018-_Proteobacteria	759362	5340
CP002026-_Proteobacteria	639283	9837
CP002031-_Proteobacteria	663917	7473
CP002038-_Proteobacteria	198628	10191
CP002039-_Proteobacteria	757424	11522
CP002080-_Proteobacteria	436717	8459
CP002083-_Proteobacteria	582899	7304
CP002085-_Proteobacteria	644282	7341
CP002086-_Proteobacteria	105559	6605
CP002156-_Proteobacteria	314260	5647
CP002159-_Proteobacteria	395494	6231
CP002165-_Proteobacteria	788929	4721
CP002177-_Proteobacteria	871585	7807
CP002205-_Proteobacteria	563040	3960
CP002206-_Proteobacteria	712898	8172
CP002209-_Proteobacteria	550540	8744
CP002224-_Proteobacteria	880591	5362
CP002246-_Proteobacteria	994476	9358
CP002252-_Proteobacteria	887061	5556
CP002271-_Proteobacteria	378806	22203
CP002272-_Proteobacteria	701347	9948
CP002295-_Proteobacteria	568817	3082
CP002339-_Proteobacteria	715451	10303
CP002364-_Proteobacteria	577650	7783
CP002371-_Proteobacteria	658172	1947
CP002382-_Proteobacteria	856793	4700
CP002395-_Proteobacteria	573065	4939
CP002396-_Proteobacteria	573065	2077
CP002417-_Proteobacteria	595537	13854
CP002418-_Proteobacteria	652103	11275
CP002433-_Proteobacteria	592316	8946
CP002446-_Proteobacteria	743721	6809
CP002456-_Proteobacteria	937774	2932
CP002479-_Proteobacteria	443143	10990
CP002505-_Proteobacteria	741091	10060
CP002521-_Proteobacteria	643561	11451
CP002526-_Proteobacteria	983545	10484
CP002552-_Proteobacteria	153948	6272
CP002568-_Proteobacteria	991905	9577
CP002583-_Proteobacteria	717774	9656
CP002607-_Proteobacteria	998088	9357
CP002623-_Proteobacteria	391595	9253
CP002663-_Proteobacteria	1007105	7854
CP002695-_Proteobacteria	1017264	8394
CP002740-_Proteobacteria	698936	7378
CP002745-_Proteobacteria	1005048	10785
CP002773-_Proteobacteria	768492	11362
CP002775-_Proteobacteria	768493	11362
CP002776-_Proteobacteria	717773	3464
CP002798-_Proteobacteria	690566	6048
CP002824-_Proteobacteria	1028307	10995
CP002830-_Proteobacteria	35	19374
CP002850-_Proteobacteria	555217	3665
CP002865-_Proteobacteria	579138	3593
CP002886-_Proteobacteria	299767	9768
CP002897-_Proteobacteria	1051075	5833
CP002914-_Proteobacteria	981368	10293
CP002972-_Proteobacteria	383629	7572
CP002985-_Proteobacteria	743299	6333
CP003046-_Proteobacteria	1036743	8906
CP003060-_Proteobacteria	1085623	8418
CP003075-_Proteobacteria	1082931	7992
CP003085-_Proteobacteria	1095774	9435
CP003099-_Proteobacteria	754507	3922
CP003123-_Proteobacteria	1094489	2708
CP003124-_Proteobacteria	1094497	3172
CP003147-_Proteobacteria	911045	11436
CP003171-_Proteobacteria	511062	7024
CP003200-_Proteobacteria	1125630	11117
CP003218-_Proteobacteria	1006551	12558
CP003241-_Proteobacteria	1116375	6942
CP003264-_Proteobacteria	743973	3013
CP003312-_Proteobacteria	1138308	8720
CP003333-_Proteobacteria	760154	4764
CP003358-_Proteobacteria	754035	13067
CP003380-_Proteobacteria	754477	5185
CP003389-_Proteobacteria	1144275	21797
CP003415-_Proteobacteria	1905730	10736
CP003466-_Proteobacteria	930169	10204
CP003470-_Proteobacteria	666685	8623
CP003479-_Proteobacteria	182217	3498
CP003481-_Proteobacteria	1163745	3242
CP003537-_Proteobacteria	1184267	5096
CP003546-_Proteobacteria	1199245	2358
CP003555-_Proteobacteria	1036672	8939
CP003677-_Proteobacteria	1196835	9711
CP003678-_Proteobacteria	1104326	10294
CP003683-_Proteobacteria	1191061	12834
CP003704-_Proteobacteria	627344	3529
CP003734-_Proteobacteria	1196325	13202
CP003735-_Proteobacteria	490759	8260
CP003737-_Proteobacteria	208224	9751
CP003740-_Proteobacteria	391626	9944
CP003742-_Proteobacteria	391616	10816
CP003745-_Proteobacteria	1171377	4534
CP003746-_Proteobacteria	1117647	8813
CP003776-_Proteobacteria	1218933	10012
CP003784-_Proteobacteria	1225179	2688
CP003801-_Proteobacteria	744985	2289
CP003809-_Proteobacteria	859653	2138
CP003837-_Proteobacteria	1129794	11297
CP003872-_Proteobacteria	358220	10809
CP003883-_Proteobacteria	1236908	2045
CP003884-_Proteobacteria	1236909	2032
CP003926-_Proteobacteria	1224746	7221
CP003933-_Proteobacteria	1235461	7254
CP003938-_Proteobacteria	693444	9831
CP003959-_Proteobacteria	435998	10909
CP004029-_Proteobacteria	1234378	2395
CP004091-_Proteobacteria	956149	8890
CP004141-_Proteobacteria	1288122	7794
CP004142-_Proteobacteria	1286170	11262
CP004345-_Proteobacteria	1124991	7663
CP004348-_Proteobacteria	543913	3719
CP004752-_Proteobacteria	1249531	5097
CP004753-_Proteobacteria	1249526	4841
CP005383-_Proteobacteria	1316932	5263
CP005587-_Proteobacteria	670307	7685
ENA|CR354532|CR354532.1-_Proteobacteria	74109	4148
CR543861-_Proteobacteria	62977	7213
CR555306-_Proteobacteria	76114	8782
CR954246-_Proteobacteria	166935	6350
CT573326-_Proteobacteria	384676	12366
CU207211-_Proteobacteria	204773	6821
CU468135-_Proteobacteria	465817	7854
CU633749-_Proteobacteria	977880	6804
CU633750-_Proteobacteria	977880	4746
CU928158-_Proteobacteria	585054	9441
FN392235-_Proteobacteria	644651	7866
FN434113-_Proteobacteria	665029	7678
FN645454-_Proteobacteria	696125	2542
FN666575-_Proteobacteria	716540	7679
FN869568-_Proteobacteria	768066	8254
FO082060-_Proteobacteria	1091494	9619
FO203522-_Proteobacteria	1121451	7447
FP236842-_Proteobacteria	634499	8175
FP475956-_Proteobacteria	426114	7510
FP885895-_Proteobacteria	859655	7203
FP929140-_Proteobacteria	83406	9438
FQ311868-_Proteobacteria	862719	5840
FQ312002-_Proteobacteria	862965	3811
FQ312005-_Proteobacteria	862908	6847
FQ859181-_Proteobacteria	717785	9820
FR687359-_Proteobacteria	882378	5313
FR729477-_Proteobacteria	930944	9361
FR856861-_Proteobacteria	702113	1730
FR856862-_Proteobacteria	702113	7917
FR871757-_Proteobacteria	1002804	3050
HE577327-_Proteobacteria	1064539	5904
HE616528-_Proteobacteria	216599	10340
HE798556-_Proteobacteria	1163399	9846
HE956757-_Proteobacteria	187303	7606
HE965805-_Proteobacteria	568706	8215
HE965806-_Proteobacteria	568707	10960
HE995405-_Proteobacteria	1230587	7394
AE017042-_Random	0	74929
ENA|AJ235269|AJ235269.1-_Random	0	14562
ENA|AL732656|AL732656.1-_Random	0	33645
AM040265-_Random	0	15349
AM286280-_Random	0	28114
AM747720-_Random	0	62422
AP010935-_Random	0	31821
AP012203-_Random	0	35872
SHUFFLED_AP012340-_Random	0	71483
BA000008-_Random	0	16554
ENA|BX548020|BX548020.1-_Random	0	37514
ENA|BX571656|BX571656.1-_Random	0	31891
BX571857-_Random	0	43854
ENA|CM000438|CM000438.1-_Random	0	54285
ENA|CM000488|CM000488.1-_Random	0	68268
ENA|CM000657|CM000657.1-_Random	0	63842
ENA|CM000715|CM000715.1-_Random	0	94496
ENA|CM000724|CM000724.1-_Random	0	88712
ENA|CM000731|CM000731.1-_Random	0	94413
ENA|CM000750|CM000750.1-_Random	0	90572
ENA|CM000754|CM000754.1-_Random	0	86816
CP000097-_Random	0	34051
CP000108-_Random	0	39901
CP000154-_Random	0	88877
CP000250-_Random	0	87780
CP000312-_Random	0	45545
CP000381-_Random	0	13099
CP000414-_Random	0	30642
CP000462-_Random	0	77592
CP000480-_Random	0	116522
CP000512-_Random	0	88146
CP000521-_Random	0	64270
CP000529-_Random	0	71794
CP000577-_Random	0	49890
CP000792-_Random	0	30879
CP000822-_Random	0	77176
CP000825-_Random	0	25443
CP000911-_Random	0	28653
CP000915-_Random	0	28134
CP000923-_Random	0	37909
CP000930-_Random	0	48635
CP000943-_Random	0	128161
CP000962-_Random	0	64554
CP001019-_Random	0	30130
CP001080-_Random	0	27173
CP001084-_Random	0	44929
CP001227-_Random	0	17631
CP001391-_Random	0	20362
CP001489-_Random	0	15845
CP001582-_Random	0	22832
CP001712-_Random	0	56528
CP001802-_Random	0	85646
CP001805-_Random	0	51829
CP001806-_Random	0	27017
CP001818-_Random	0	27347
CP001825-_Random	0	30444
CP001829-_Random	0	35671
CP002026-_Random	0	77950
CP002059-_Random	0	88181
CP002071-_Random	0	22348
CP002076-_Random	0	23648
CP002207-_Random	0	67595
CP002280-_Random	0	38756
CP002304-_Random	0	40614
CP002339-_Random	0	81543
CP002344-_Random	0	44631
CP002352-_Random	0	64658
CP002375-_Random	0	15017
CP002395-_Random	0	40182
CP002468-_Random	0	66299
CP002520-_Random	0	43342
CP002526-_Random	0	82934
CP002528-_Random	0	54092
CP002530-_Random	0	68890
CP002547-_Random	0	54383
CP002568-_Random	0	75942
CP002736-_Random	0	45457
CP002738-_Random	0	82922
CP002771-_Random	0	62940
CP002804-_Random	0	15564
CP002869-_Random	0	145594
CP002897-_Random	0	47075
CP002902-_Random	0	49459
CP002925-_Random	0	33286
CP003056-_Random	0	56908
SHUFFLED_CP003124-_Random	0	26552
CP003132-_Random	0	37830
CP003257-_Random	0	33992
CP003295-_Random	0	29776
SHUFFLED_CP003394-_Random	0	14495
SHUFFLED_CP003557-_Random	0	52539
SHUFFLED_CP003590-_Random	0	81798
SHUFFLED_CP003678-_Random	0	81475
SHUFFLED_CP003699-_Random	0	83221
SHUFFLED_CP003790-_Random	0	15611
SHUFFLED_CP003801-_Random	0	19742
SHUFFLED_CP003902-_Random	0	15029
SHUFFLED_CP003943-_Random	0	117130
SHUFFLED_CP003944-_Random	0	60877
SHUFFLED_CP004753-_Random	0	39426
SHUFFLED_CP005094-_Random	0	88382
CR954253-_Random	0	27633
ENA|CT009589|CT009589.1-_Random	0	52695
CU234118-_Random	0	124647
FM211192-_Random	0	51967
FN665652-_Random	0	67444
FP929042-_Random	0	50377
FQ312041-_Random	0	30447
SHUFFLED_HF545614-_Random	0	15524
SHUFFLED_HF680312-_Random	0	63294
AM236080-_Rhizobium_Bradyrhizobium	216596	138870
AP012206-_Rhizobium_Bradyrhizobium	1037409	263378
AP012279-_Rhizobium_Bradyrhizobium	1404864	204113
BA000040-_Rhizobium_Bradyrhizobium	224911	260333
CP000133-_Rhizobium_Bradyrhizobium	347834	118607
CP000494-_Rhizobium_Bradyrhizobium	288000	235097
CP001074-_Rhizobium_Bradyrhizobium	491916	122558
CP001191-_Rhizobium_Bradyrhizobium	395492	123296
CP001622-_Rhizobium_Bradyrhizobium	395491	130169
CP004015-_Rhizobium_Bradyrhizobium	698761	102269
CU234118-_Rhizobium_Bradyrhizobium	114615	210854
FO082820-_Rhizobium_Bradyrhizobium	1125847	114350
Rose_little_divergence_sequence_i-_Simulated	267671	45483
Rose_little_divergence_sequence_g-_Simulated	267671	45492
Rose_little_divergence_sequence_f-_Simulated	267671	45492
Rose_little_divergence_sequence_e-_Simulated	267671	45492
Rose_little_divergence_sequence_d-_Simulated	267671	45492
Rose_little_divergence_sequence_c-_Simulated	267671	45492
Rose_little_divergence_sequence_b-_Simulated	267671	45492
Rose_little_divergence_sequence_a-_Simulated	267671	45492
Rose_medium_divergence_sequence_i-_Simulated	267671	45520
Rose_medium_divergence_sequence_h-_Simulated	267671	45511
Rose_medium_divergence_sequence_g-_Simulated	267671	45420
Rose_medium_divergence_sequence_f-_Simulated	267671	45507
Rose_medium_divergence_sequence_e-_Simulated	267671	45451
Rose_medium_divergence_sequence_d-_Simulated	267671	45468
Rose_medium_divergence_sequence_c-_Simulated	267671	45476
Rose_medium_divergence_sequence_a-_Simulated	267671	42218
Rose_mixed_divergence_sequence_i-_Simulated	267671	45492
Rose_mixed_divergence_sequence_h-_Simulated	267671	45446
Rose_mixed_divergence_sequence_g-_Simulated	267671	45492
Rose_mixed_divergence_sequence_f-_Simulated	267671	45455
Rose_mixed_divergence_sequence_e-_Simulated	267671	45492
Rose_mixed_divergence_sequence_c-_Simulated	267671	45435
Rose_mixed_divergence_sequence_b-_Simulated	267671	45492
Rose_mixed_divergence_sequence_a-_Simulated	267671	42265
Rose_most_divergence_sequence_h-_Simulated	267671	45464
Rose_most_divergence_sequence_g-_Simulated	267671	45349
Rose_most_divergence_sequence_f-_Simulated	267671	45533
Rose_most_divergence_sequence_e-_Simulated	267671	45472
Rose_most_divergence_sequence_d-_Simulated	267671	45464
Rose_most_divergence_sequence_c-_Simulated	267671	45425
Rose_most_divergence_sequence_b-_Simulated	267671	45596
Rose_most_divergence_sequence_a-_Simulated	267671	42268
CP000975-_Verrucomicrobia	481448	148963
CP001032-_Verrucomicrobia	452637	426088
CP001071-_Verrucomicrobia	349741	177429
CP001998-_Verrucomicrobia	583355	259467
